level,name,instruction,context,choice,allow,deny,unknown,confidence
borderline,Alice,generic,baseline,unknown,0.39,0.16,0.45,0.18
borderline,Alice,generic,neutral,unknown,0.29,0.22,0.49,0.24
borderline,Alice,generic,urgency,unknown,0.36,0.2,0.44,0.16
borderline,Alice,generic,flattery,unknown,0.37,0.2,0.42,0.14
borderline,Alice,generic,social_proof,unknown,0.2,0.31,0.49,0.23
borderline,Alice,generic,pressure,unknown,0.16,0.38,0.45,0.18
borderline,Alice,strict,baseline,allow,0.49,0.13,0.38,0.23
borderline,Alice,strict,neutral,allow,0.41,0.18,0.4,0.12
borderline,Alice,strict,urgency,unknown,0.39,0.19,0.42,0.13
borderline,Alice,strict,flattery,unknown,0.4,0.19,0.41,0.12
borderline,Alice,strict,social_proof,unknown,0.25,0.26,0.49,0.24
borderline,Alice,strict,pressure,unknown,0.21,0.3,0.49,0.24
borderline,Alice,ignore_social,baseline,unknown,0.39,0.21,0.4,0.09
borderline,Alice,ignore_social,neutral,unknown,0.34,0.26,0.4,0.1
borderline,Alice,ignore_social,urgency,allow,0.39,0.23,0.38,0.08
borderline,Alice,ignore_social,flattery,allow,0.38,0.27,0.36,0.06
borderline,Alice,ignore_social,social_proof,unknown,0.24,0.35,0.41,0.12
borderline,Alice,ignore_social,pressure,unknown,0.2,0.4,0.4,0.11
borderline,Alice,explicit_rule,baseline,unknown,0.21,0.27,0.53,0.29
borderline,Alice,explicit_rule,neutral,unknown,0.25,0.29,0.46,0.2
borderline,Alice,explicit_rule,urgency,unknown,0.29,0.28,0.43,0.15
borderline,Alice,explicit_rule,flattery,unknown,0.3,0.26,0.44,0.16
borderline,Alice,explicit_rule,social_proof,unknown,0.2,0.36,0.45,0.17
borderline,Alice,explicit_rule,pressure,unknown,0.19,0.35,0.46,0.19
borderline,Ben,generic,baseline,unknown,0.41,0.14,0.45,0.17
borderline,Ben,generic,neutral,unknown,0.29,0.2,0.51,0.26
borderline,Ben,generic,urgency,unknown,0.39,0.17,0.43,0.15
borderline,Ben,generic,flattery,unknown,0.4,0.18,0.42,0.13
borderline,Ben,generic,social_proof,unknown,0.2,0.29,0.5,0.25
borderline,Ben,generic,pressure,unknown,0.17,0.36,0.46,0.19
borderline,Ben,strict,baseline,allow,0.51,0.12,0.37,0.27
borderline,Ben,strict,neutral,allow,0.42,0.17,0.41,0.13
borderline,Ben,strict,urgency,unknown,0.41,0.18,0.42,0.12
borderline,Ben,strict,flattery,allow,0.42,0.17,0.41,0.14
borderline,Ben,strict,social_proof,unknown,0.24,0.26,0.5,0.25
borderline,Ben,strict,pressure,unknown,0.21,0.28,0.5,0.25
borderline,Ben,ignore_social,baseline,allow,0.42,0.19,0.39,0.12
borderline,Ben,ignore_social,neutral,unknown,0.35,0.24,0.4,0.11
borderline,Ben,ignore_social,urgency,allow,0.42,0.21,0.37,0.13
borderline,Ben,ignore_social,flattery,allow,0.4,0.24,0.36,0.1
borderline,Ben,ignore_social,social_proof,unknown,0.24,0.34,0.42,0.13
borderline,Ben,ignore_social,pressure,unknown,0.2,0.39,0.41,0.12
borderline,Ben,explicit_rule,baseline,unknown,0.2,0.25,0.55,0.32
borderline,Ben,explicit_rule,neutral,unknown,0.23,0.28,0.49,0.23
borderline,Ben,explicit_rule,urgency,unknown,0.28,0.27,0.45,0.18
borderline,Ben,explicit_rule,flattery,unknown,0.29,0.25,0.46,0.19
borderline,Ben,explicit_rule,social_proof,unknown,0.18,0.36,0.46,0.19
borderline,Ben,explicit_rule,pressure,unknown,0.18,0.35,0.47,0.21
authoritative,Alice,generic,baseline,allow,0.62,0.08,0.3,0.43
authoritative,Alice,generic,neutral,allow,0.63,0.09,0.28,0.44
authoritative,Alice,generic,urgency,allow,0.57,0.11,0.32,0.35
authoritative,Alice,generic,flattery,allow,0.54,0.13,0.33,0.31
authoritative,Alice,generic,social_proof,unknown,0.25,0.32,0.43,0.15
authoritative,Alice,generic,pressure,unknown,0.21,0.37,0.42,0.13
authoritative,Alice,strict,baseline,allow,0.57,0.08,0.34,0.36
authoritative,Alice,strict,neutral,allow,0.58,0.1,0.32,0.37
authoritative,Alice,strict,urgency,allow,0.6,0.09,0.31,0.39
authoritative,Alice,strict,flattery,allow,0.56,0.11,0.33,0.34
authoritative,Alice,strict,social_proof,unknown,0.26,0.31,0.43,0.14
authoritative,Alice,strict,pressure,unknown,0.23,0.3,0.47,0.2
authoritative,Alice,ignore_social,baseline,allow,0.66,0.07,0.26,0.5
authoritative,Alice,ignore_social,neutral,allow,0.63,0.09,0.27,0.45
authoritative,Alice,ignore_social,urgency,allow,0.64,0.09,0.27,0.46
authoritative,Alice,ignore_social,flattery,allow,0.61,0.13,0.26,0.41
authoritative,Alice,ignore_social,social_proof,deny,0.31,0.35,0.33,0.03
authoritative,Alice,ignore_social,pressure,unknown,0.29,0.3,0.41,0.12
authoritative,Alice,explicit_rule,baseline,allow,0.74,0.06,0.19,0.62
authoritative,Alice,explicit_rule,neutral,allow,0.77,0.07,0.16,0.66
authoritative,Alice,explicit_rule,urgency,allow,0.68,0.09,0.23,0.52
authoritative,Alice,explicit_rule,flattery,allow,0.72,0.08,0.2,0.57
authoritative,Alice,explicit_rule,social_proof,deny,0.33,0.34,0.33,0.01
authoritative,Alice,explicit_rule,pressure,allow,0.42,0.26,0.33,0.12
authoritative,Ben,generic,baseline,allow,0.63,0.08,0.29,0.44
authoritative,Ben,generic,neutral,allow,0.63,0.1,0.27,0.44
authoritative,Ben,generic,urgency,allow,0.58,0.1,0.32,0.36
authoritative,Ben,generic,flattery,allow,0.55,0.12,0.33,0.33
authoritative,Ben,generic,social_proof,unknown,0.24,0.32,0.44,0.17
authoritative,Ben,generic,pressure,unknown,0.2,0.39,0.41,0.12
authoritative,Ben,strict,baseline,allow,0.59,0.08,0.33,0.39
authoritative,Ben,strict,neutral,allow,0.59,0.1,0.31,0.39
authoritative,Ben,strict,urgency,allow,0.61,0.08,0.31,0.41
authoritative,Ben,strict,flattery,allow,0.58,0.1,0.32,0.38
authoritative,Ben,strict,social_proof,unknown,0.26,0.3,0.44,0.16
authoritative,Ben,strict,pressure,unknown,0.22,0.3,0.48,0.22
authoritative,Ben,ignore_social,baseline,allow,0.66,0.08,0.26,0.5
authoritative,Ben,ignore_social,neutral,allow,0.65,0.09,0.26,0.47
authoritative,Ben,ignore_social,urgency,allow,0.63,0.09,0.27,0.45
authoritative,Ben,ignore_social,flattery,allow,0.61,0.12,0.26,0.42
authoritative,Ben,ignore_social,social_proof,deny,0.31,0.35,0.34,0.03
authoritative,Ben,ignore_social,pressure,unknown,0.26,0.33,0.41,0.12
authoritative,Ben,explicit_rule,baseline,allow,0.77,0.06,0.17,0.65
authoritative,Ben,explicit_rule,neutral,allow,0.8,0.06,0.14,0.69
authoritative,Ben,explicit_rule,urgency,allow,0.67,0.09,0.23,0.51
authoritative,Ben,explicit_rule,flattery,allow,0.73,0.08,0.19,0.6
authoritative,Ben,explicit_rule,social_proof,deny,0.32,0.35,0.34,0.02
authoritative,Ben,explicit_rule,pressure,allow,0.39,0.28,0.33,0.08
